wildtype,site,nearby_residues,custom_source,number_of_contact_residues_within_5,close_residues
ILE,188,[],2VSM_source,0,
CYS,189,[],2VSM_source,0,
LEU,190,[],2VSM_source,0,
GLN,191,[],2VSM_source,0,
LYS,192,[],2VSM_source,0,
THR,193,[],2VSM_source,0,
SER,194,[],2VSM_source,0,
ASN,195,[],2VSM_source,0,
GLN,196,[],2VSM_source,0,
ILE,197,[],2VSM_source,0,
LEU,198,[],2VSM_source,0,
LYS,199,[],2VSM_source,0,
PRO,200,[],2VSM_source,0,
LYS,201,[],2VSM_source,0,
LEU,202,[],2VSM_source,0,
ILE,203,[],2VSM_source,0,
SER,204,[],2VSM_source,0,
TYR,205,[],2VSM_source,0,
THR,206,[],2VSM_source,0,
LEU,207,[],2VSM_source,0,
GLY,211,[],2VSM_source,0,
GLN,212,[],2VSM_source,0,
SER,213,[],2VSM_source,0,
GLY,214,[],2VSM_source,0,
THR,215,[],2VSM_source,0,
CYS,216,[],2VSM_source,0,
ILE,217,[],2VSM_source,0,
THR,218,[],2VSM_source,0,
ASP,219,[],2VSM_source,0,
PRO,220,[],2VSM_source,0,
LEU,221,[],2VSM_source,0,
LEU,222,[],2VSM_source,0,
ALA,223,[],2VSM_source,0,
MET,224,[],2VSM_source,0,
ASP,225,[],2VSM_source,0,
GLU,226,[],2VSM_source,0,
GLY,227,[],2VSM_source,0,
TYR,228,[],2VSM_source,0,
PHE,229,[],2VSM_source,0,
ALA,230,[],2VSM_source,0,
TYR,231,[],2VSM_source,0,
SER,232,[],2VSM_source,0,
HIS,233,[],2VSM_source,0,
LEU,234,[],2VSM_source,0,
GLU,235,[],2VSM_source,0,
ARG,236,[],2VSM_source,0,
ILE,237,[],2VSM_source,0,
GLY,238,[],2VSM_source,0,
SER,239,"[{'chain': 'B', 'residue_id': 119, 'residue_name': 'GLU', 'distance': 3.492248}, {'chain': 'B', 'residue_id': 128, 'residue_name': 'GLU', 'distance': 3.9266922}, {'chain': 'B', 'residue_id': 130, 'residue_name': 'GLN', 'distance': 3.6689398}]",2VSM_source,3,"119, 128, 130"
CYS,240,"[{'chain': 'B', 'residue_id': 119, 'residue_name': 'GLU', 'distance': 3.870925}, {'chain': 'B', 'residue_id': 128, 'residue_name': 'GLU', 'distance': 3.7820854}]",2VSM_source,2,"119, 128"
SER,241,"[{'chain': 'B', 'residue_id': 126, 'residue_name': 'GLY', 'distance': 3.816167}, {'chain': 'B', 'residue_id': 128, 'residue_name': 'GLU', 'distance': 3.823473}]",2VSM_source,2,"126, 128"
ARG,242,"[{'chain': 'B', 'residue_id': 125, 'residue_name': 'TRP', 'distance': 3.046496}, {'chain': 'B', 'residue_id': 126, 'residue_name': 'GLY', 'distance': 3.4972568}, {'chain': 'B', 'residue_id': 127, 'residue_name': 'LEU', 'distance': 3.4861329}, {'chain': 'B', 'residue_id': 128, 'residue_name': 'GLU', 'distance': 3.854354}]",2VSM_source,4,"125, 126, 127, 128"
GLY,243,[],2VSM_source,0,
VAL,244,[],2VSM_source,0,
SER,245,[],2VSM_source,0,
LYS,246,[],2VSM_source,0,
GLN,247,[],2VSM_source,0,
ARG,248,[],2VSM_source,0,
ILE,249,[],2VSM_source,0,
ILE,250,[],2VSM_source,0,
GLY,251,[],2VSM_source,0,
VAL,252,[],2VSM_source,0,
GLY,253,[],2VSM_source,0,
GLU,254,[],2VSM_source,0,
VAL,255,[],2VSM_source,0,
LEU,256,[],2VSM_source,0,
ASP,257,[],2VSM_source,0,
ARG,258,[],2VSM_source,0,
GLY,259,[],2VSM_source,0,
ASP,260,[],2VSM_source,0,
GLU,261,[],2VSM_source,0,
VAL,262,[],2VSM_source,0,
PRO,263,[],2VSM_source,0,
SER,264,[],2VSM_source,0,
LEU,265,[],2VSM_source,0,
PHE,266,[],2VSM_source,0,
MET,267,[],2VSM_source,0,
THR,268,[],2VSM_source,0,
ASN,269,[],2VSM_source,0,
VAL,270,[],2VSM_source,0,
TRP,271,[],2VSM_source,0,
THR,272,[],2VSM_source,0,
PRO,273,[],2VSM_source,0,
PRO,274,[],2VSM_source,0,
ASN,275,[],2VSM_source,0,
PRO,276,[],2VSM_source,0,
ASN,277,[],2VSM_source,0,
THR,278,[],2VSM_source,0,
VAL,279,[],2VSM_source,0,
TYR,280,[],2VSM_source,0,
HIS,281,[],2VSM_source,0,
CYS,282,[],2VSM_source,0,
SER,283,[],2VSM_source,0,
ALA,284,[],2VSM_source,0,
VAL,285,[],2VSM_source,0,
TYR,286,[],2VSM_source,0,
ASN,287,[],2VSM_source,0,
ASN,288,[],2VSM_source,0,
GLU,289,[],2VSM_source,0,
PHE,290,[],2VSM_source,0,
TYR,291,[],2VSM_source,0,
TYR,292,[],2VSM_source,0,
VAL,293,[],2VSM_source,0,
LEU,294,[],2VSM_source,0,
CYS,295,[],2VSM_source,0,
ALA,296,[],2VSM_source,0,
VAL,297,[],2VSM_source,0,
SER,298,[],2VSM_source,0,
THR,299,[],2VSM_source,0,
VAL,300,[],2VSM_source,0,
GLY,301,[],2VSM_source,0,
ASP,302,[],2VSM_source,0,
PRO,303,[],2VSM_source,0,
ILE,304,[],2VSM_source,0,
LEU,305,"[{'chain': 'B', 'residue_id': 125, 'residue_name': 'TRP', 'distance': 3.6639712}]",2VSM_source,1,125
ASN,306,[],2VSM_source,0,
SER,307,[],2VSM_source,0,
THR,308,[],2VSM_source,0,
TYR,309,[],2VSM_source,0,
TRP,310,[],2VSM_source,0,
SER,311,[],2VSM_source,0,
GLY,312,[],2VSM_source,0,
SER,313,[],2VSM_source,0,
LEU,314,[],2VSM_source,0,
MET,315,[],2VSM_source,0,
MET,316,[],2VSM_source,0,
THR,317,[],2VSM_source,0,
ARG,318,[],2VSM_source,0,
LEU,319,[],2VSM_source,0,
ALA,320,[],2VSM_source,0,
VAL,321,[],2VSM_source,0,
LYS,322,[],2VSM_source,0,
PRO,323,[],2VSM_source,0,
LYS,324,[],2VSM_source,0,
SER,325,[],2VSM_source,0,
ASN,326,[],2VSM_source,0,
GLY,327,[],2VSM_source,0,
GLY,328,[],2VSM_source,0,
GLY,329,[],2VSM_source,0,
TYR,330,[],2VSM_source,0,
ASN,331,[],2VSM_source,0,
GLN,332,[],2VSM_source,0,
HIS,333,[],2VSM_source,0,
GLN,334,[],2VSM_source,0,
LEU,335,[],2VSM_source,0,
ALA,336,[],2VSM_source,0,
LEU,337,[],2VSM_source,0,
ARG,338,[],2VSM_source,0,
SER,339,[],2VSM_source,0,
ILE,340,[],2VSM_source,0,
GLU,341,[],2VSM_source,0,
LYS,342,[],2VSM_source,0,
GLY,343,[],2VSM_source,0,
ARG,344,[],2VSM_source,0,
TYR,345,[],2VSM_source,0,
ASP,346,[],2VSM_source,0,
LYS,347,[],2VSM_source,0,
VAL,348,[],2VSM_source,0,
MET,349,[],2VSM_source,0,
PRO,350,[],2VSM_source,0,
TYR,351,[],2VSM_source,0,
GLY,352,[],2VSM_source,0,
PRO,353,[],2VSM_source,0,
SER,354,[],2VSM_source,0,
GLY,355,[],2VSM_source,0,
ILE,356,[],2VSM_source,0,
LYS,357,[],2VSM_source,0,
GLN,358,[],2VSM_source,0,
GLY,359,[],2VSM_source,0,
ASP,360,[],2VSM_source,0,
THR,361,[],2VSM_source,0,
LEU,362,[],2VSM_source,0,
TYR,363,[],2VSM_source,0,
PHE,364,[],2VSM_source,0,
PRO,365,[],2VSM_source,0,
ALA,366,[],2VSM_source,0,
VAL,367,[],2VSM_source,0,
GLY,368,[],2VSM_source,0,
PHE,369,[],2VSM_source,0,
LEU,370,[],2VSM_source,0,
VAL,371,[],2VSM_source,0,
ARG,372,[],2VSM_source,0,
THR,373,[],2VSM_source,0,
GLU,374,[],2VSM_source,0,
PHE,375,[],2VSM_source,0,
LYS,376,[],2VSM_source,0,
TYR,377,[],2VSM_source,0,
ASN,378,[],2VSM_source,0,
ASP,379,[],2VSM_source,0,
SER,380,[],2VSM_source,0,
ASN,381,[],2VSM_source,0,
CYS,382,[],2VSM_source,0,
PRO,383,[],2VSM_source,0,
ILE,384,[],2VSM_source,0,
THR,385,[],2VSM_source,0,
LYS,386,[],2VSM_source,0,
CYS,387,[],2VSM_source,0,
GLN,388,"[{'chain': 'B', 'residue_id': 108, 'residue_name': 'ASP', 'distance': 3.4964037}]",2VSM_source,1,108
TYR,389,"[{'chain': 'B', 'residue_id': 106, 'residue_name': 'LYS', 'distance': 3.8226037}, {'chain': 'B', 'residue_id': 107, 'residue_name': 'PRO', 'distance': 3.7184725}, {'chain': 'B', 'residue_id': 108, 'residue_name': 'ASP', 'distance': 3.335725}, {'chain': 'B', 'residue_id': 109, 'residue_name': 'GLN', 'distance': 3.9867036}]",2VSM_source,4,"106, 107, 108, 109"
SER,390,[],2VSM_source,0,
LYS,391,[],2VSM_source,0,
PRO,392,[],2VSM_source,0,
GLU,393,[],2VSM_source,0,
ASN,394,[],2VSM_source,0,
CYS,395,[],2VSM_source,0,
ARG,396,[],2VSM_source,0,
LEU,397,[],2VSM_source,0,
SER,398,[],2VSM_source,0,
MET,399,[],2VSM_source,0,
GLY,400,[],2VSM_source,0,
ILE,401,"[{'chain': 'B', 'residue_id': 125, 'residue_name': 'TRP', 'distance': 3.5151124}]",2VSM_source,1,125
ARG,402,"[{'chain': 'B', 'residue_id': 97, 'residue_name': 'GLU', 'distance': 3.9510753}, {'chain': 'B', 'residue_id': 125, 'residue_name': 'TRP', 'distance': 3.9373205}]",2VSM_source,2,"97, 125"
PRO,403,[],2VSM_source,0,
ASN,404,[],2VSM_source,0,
SER,405,[],2VSM_source,0,
HIS,406,[],2VSM_source,0,
TYR,407,[],2VSM_source,0,
ILE,408,[],2VSM_source,0,
LEU,409,[],2VSM_source,0,
ARG,410,[],2VSM_source,0,
SER,411,[],2VSM_source,0,
GLY,412,[],2VSM_source,0,
LEU,413,[],2VSM_source,0,
LEU,414,[],2VSM_source,0,
LYS,415,[],2VSM_source,0,
TYR,416,[],2VSM_source,0,
ASN,417,[],2VSM_source,0,
LEU,418,[],2VSM_source,0,
SER,419,[],2VSM_source,0,
ASP,420,[],2VSM_source,0,
GLY,421,[],2VSM_source,0,
GLU,422,[],2VSM_source,0,
ASN,423,[],2VSM_source,0,
PRO,424,[],2VSM_source,0,
LYS,425,[],2VSM_source,0,
VAL,426,[],2VSM_source,0,
VAL,427,[],2VSM_source,0,
PHE,428,[],2VSM_source,0,
ILE,429,[],2VSM_source,0,
GLU,430,[],2VSM_source,0,
ILE,431,[],2VSM_source,0,
SER,432,[],2VSM_source,0,
ASP,433,[],2VSM_source,0,
GLN,434,[],2VSM_source,0,
ARG,435,[],2VSM_source,0,
LEU,436,[],2VSM_source,0,
SER,437,[],2VSM_source,0,
ILE,438,[],2VSM_source,0,
GLY,439,[],2VSM_source,0,
SER,440,[],2VSM_source,0,
PRO,441,[],2VSM_source,0,
SER,442,[],2VSM_source,0,
LYS,443,[],2VSM_source,0,
ILE,444,[],2VSM_source,0,
TYR,445,[],2VSM_source,0,
ASP,446,[],2VSM_source,0,
SER,447,[],2VSM_source,0,
LEU,448,[],2VSM_source,0,
GLY,449,[],2VSM_source,0,
GLN,450,[],2VSM_source,0,
PRO,451,[],2VSM_source,0,
VAL,452,[],2VSM_source,0,
PHE,453,[],2VSM_source,0,
TYR,454,[],2VSM_source,0,
GLN,455,[],2VSM_source,0,
ALA,456,[],2VSM_source,0,
SER,457,[],2VSM_source,0,
PHE,458,"[{'chain': 'B', 'residue_id': 124, 'residue_name': 'LEU', 'distance': 3.997089}]",2VSM_source,1,124
SER,459,[],2VSM_source,0,
TRP,460,[],2VSM_source,0,
ASP,461,[],2VSM_source,0,
THR,462,[],2VSM_source,0,
MET,463,[],2VSM_source,0,
ILE,464,[],2VSM_source,0,
LYS,465,[],2VSM_source,0,
PHE,466,[],2VSM_source,0,
GLY,467,[],2VSM_source,0,
ASP,468,[],2VSM_source,0,
VAL,469,[],2VSM_source,0,
LEU,470,[],2VSM_source,0,
THR,471,[],2VSM_source,0,
VAL,472,[],2VSM_source,0,
ASN,473,[],2VSM_source,0,
PRO,474,[],2VSM_source,0,
LEU,475,[],2VSM_source,0,
VAL,476,[],2VSM_source,0,
VAL,477,[],2VSM_source,0,
ASN,478,[],2VSM_source,0,
TRP,479,[],2VSM_source,0,
ARG,480,[],2VSM_source,0,
ASN,481,[],2VSM_source,0,
ASN,482,[],2VSM_source,0,
THR,483,[],2VSM_source,0,
VAL,484,[],2VSM_source,0,
ILE,485,[],2VSM_source,0,
SER,486,[],2VSM_source,0,
ARG,487,[],2VSM_source,0,
PRO,488,"[{'chain': 'B', 'residue_id': 122, 'residue_name': 'PRO', 'distance': 3.9354475}]",2VSM_source,1,122
GLY,489,"[{'chain': 'B', 'residue_id': 122, 'residue_name': 'PRO', 'distance': 3.925966}]",2VSM_source,1,122
GLN,490,"[{'chain': 'B', 'residue_id': 113, 'residue_name': 'PHE', 'distance': 3.9530714}, {'chain': 'B', 'residue_id': 123, 'residue_name': 'ASN', 'distance': 3.915326}]",2VSM_source,2,"113, 123"
SER,491,"[{'chain': 'B', 'residue_id': 101, 'residue_name': 'LEU', 'distance': 3.1546316}, {'chain': 'B', 'residue_id': 102, 'residue_name': 'LEU', 'distance': 3.4580936}, {'chain': 'B', 'residue_id': 111, 'residue_name': 'ILE', 'distance': 3.6072063}, {'chain': 'B', 'residue_id': 112, 'residue_name': 'LYS', 'distance': 3.660301}, {'chain': 'B', 'residue_id': 113, 'residue_name': 'PHE', 'distance': 3.9613955}]",2VSM_source,5,"101, 102, 111, 112, 113"
GLN,492,"[{'chain': 'B', 'residue_id': 103, 'residue_name': 'ASN', 'distance': 3.2086744}]",2VSM_source,1,103
CYS,493,[],2VSM_source,0,
PRO,494,[],2VSM_source,0,
ARG,495,[],2VSM_source,0,
PHE,496,[],2VSM_source,0,
ASN,497,[],2VSM_source,0,
THR,498,[],2VSM_source,0,
CYS,499,[],2VSM_source,0,
PRO,500,[],2VSM_source,0,
GLU,501,"[{'chain': 'B', 'residue_id': 106, 'residue_name': 'LYS', 'distance': 3.7653074}]",2VSM_source,1,106
ILE,502,[],2VSM_source,0,
CYS,503,[],2VSM_source,0,
TRP,504,"[{'chain': 'B', 'residue_id': 124, 'residue_name': 'LEU', 'distance': 3.8455422}, {'chain': 'B', 'residue_id': 125, 'residue_name': 'TRP', 'distance': 3.8409548}]",2VSM_source,2,"124, 125"
GLU,505,"[{'chain': 'B', 'residue_id': 122, 'residue_name': 'PRO', 'distance': 3.529488}, {'chain': 'B', 'residue_id': 124, 'residue_name': 'LEU', 'distance': 3.5838692}]",2VSM_source,2,"122, 124"
GLY,506,"[{'chain': 'B', 'residue_id': 122, 'residue_name': 'PRO', 'distance': 3.9338162}, {'chain': 'B', 'residue_id': 124, 'residue_name': 'LEU', 'distance': 3.5507948}]",2VSM_source,2,"122, 124"
VAL,507,"[{'chain': 'B', 'residue_id': 122, 'residue_name': 'PRO', 'distance': 3.912158}]",2VSM_source,1,122
TYR,508,[],2VSM_source,0,
ASN,509,[],2VSM_source,0,
ASP,510,[],2VSM_source,0,
ALA,511,[],2VSM_source,0,
PHE,512,[],2VSM_source,0,
LEU,513,[],2VSM_source,0,
ILE,514,[],2VSM_source,0,
ASP,515,[],2VSM_source,0,
ARG,516,[],2VSM_source,0,
ILE,517,[],2VSM_source,0,
ASN,518,[],2VSM_source,0,
TRP,519,[],2VSM_source,0,
ILE,520,[],2VSM_source,0,
SER,521,[],2VSM_source,0,
ALA,522,[],2VSM_source,0,
GLY,523,[],2VSM_source,0,
VAL,524,[],2VSM_source,0,
PHE,525,[],2VSM_source,0,
LEU,526,[],2VSM_source,0,
ASP,527,[],2VSM_source,0,
SER,528,[],2VSM_source,0,
ASN,529,[],2VSM_source,0,
GLN,530,"[{'chain': 'B', 'residue_id': 112, 'residue_name': 'LYS', 'distance': 3.7660067}, {'chain': 'B', 'residue_id': 113, 'residue_name': 'PHE', 'distance': 3.3940823}, {'chain': 'B', 'residue_id': 114, 'residue_name': 'THR', 'distance': 3.8045492}, {'chain': 'B', 'residue_id': 122, 'residue_name': 'PRO', 'distance': 3.6247568}]",2VSM_source,4,"112, 113, 114, 122"
THR,531,"[{'chain': 'B', 'residue_id': 60, 'residue_name': 'LYS', 'distance': 3.9131637}, {'chain': 'B', 'residue_id': 114, 'residue_name': 'THR', 'distance': 3.703364}]",2VSM_source,2,"57, 114"
ALA,532,"[{'chain': 'B', 'residue_id': 118, 'residue_name': 'GLN', 'distance': 3.8064299}, {'chain': 'B', 'residue_id': 120, 'residue_name': 'PHE', 'distance': 3.6794267}, {'chain': 'B', 'residue_id': 121, 'residue_name': 'SER', 'distance': 3.5904875}]",2VSM_source,3,"118, 120, 121"
GLU,533,"[{'chain': 'B', 'residue_id': 60, 'residue_name': 'LYS', 'distance': 3.7441094}, {'chain': 'B', 'residue_id': 116, 'residue_name': 'LYS', 'distance': 3.751744}]",2VSM_source,2,"57, 116"
ASN,534,[],2VSM_source,0,
PRO,535,[],2VSM_source,0,
VAL,536,[],2VSM_source,0,
PHE,537,[],2VSM_source,0,
THR,538,[],2VSM_source,0,
VAL,539,[],2VSM_source,0,
PHE,540,[],2VSM_source,0,
LYS,541,[],2VSM_source,0,
ASP,542,[],2VSM_source,0,
ASN,543,[],2VSM_source,0,
GLU,544,[],2VSM_source,0,
ILE,545,[],2VSM_source,0,
LEU,546,[],2VSM_source,0,
TYR,547,[],2VSM_source,0,
ARG,548,[],2VSM_source,0,
ALA,549,[],2VSM_source,0,
GLN,550,[],2VSM_source,0,
LEU,551,[],2VSM_source,0,
ALA,552,[],2VSM_source,0,
SER,553,[],2VSM_source,0,
GLU,554,[],2VSM_source,0,
ASP,555,"[{'chain': 'B', 'residue_id': 116, 'residue_name': 'LYS', 'distance': 3.6997929}]",2VSM_source,1,116
THR,556,[],2VSM_source,0,
ASN,557,"[{'chain': 'B', 'residue_id': 116, 'residue_name': 'LYS', 'distance': 3.715568}, {'chain': 'B', 'residue_id': 118, 'residue_name': 'GLN', 'distance': 3.8550487}, {'chain': 'B', 'residue_id': 120, 'residue_name': 'PHE', 'distance': 3.9324825}]",2VSM_source,3,"116, 118, 120"
ALA,558,"[{'chain': 'B', 'residue_id': 120, 'residue_name': 'PHE', 'distance': 3.7341888}]",2VSM_source,1,120
GLN,559,"[{'chain': 'B', 'residue_id': 120, 'residue_name': 'PHE', 'distance': 3.9857988}, {'chain': 'B', 'residue_id': 121, 'residue_name': 'SER', 'distance': 3.9521363}]",2VSM_source,2,"120, 121"
LYS,560,[],2VSM_source,0,
THR,561,[],2VSM_source,0,
ILE,562,[],2VSM_source,0,
THR,563,[],2VSM_source,0,
ASN,564,[],2VSM_source,0,
CYS,565,[],2VSM_source,0,
PHE,566,[],2VSM_source,0,
LEU,567,[],2VSM_source,0,
LEU,568,[],2VSM_source,0,
LYS,569,[],2VSM_source,0,
ASN,570,[],2VSM_source,0,
LYS,571,[],2VSM_source,0,
ILE,572,[],2VSM_source,0,
TRP,573,[],2VSM_source,0,
CYS,574,[],2VSM_source,0,
ILE,575,[],2VSM_source,0,
SER,576,[],2VSM_source,0,
LEU,577,[],2VSM_source,0,
VAL,578,[],2VSM_source,0,
GLU,579,"[{'chain': 'B', 'residue_id': 120, 'residue_name': 'PHE', 'distance': 3.8558471}]",2VSM_source,1,120
ILE,580,"[{'chain': 'B', 'residue_id': 120, 'residue_name': 'PHE', 'distance': 3.6601076}]",2VSM_source,1,120
TYR,581,"[{'chain': 'B', 'residue_id': 118, 'residue_name': 'GLN', 'distance': 3.7150812}, {'chain': 'B', 'residue_id': 119, 'residue_name': 'GLU', 'distance': 2.925798}, {'chain': 'B', 'residue_id': 120, 'residue_name': 'PHE', 'distance': 3.6025112}]",2VSM_source,3,"118, 119, 120"
ASP,582,[],2VSM_source,0,
THR,583,"[{'chain': 'B', 'residue_id': 57, 'residue_name': 'ILE', 'distance': 3.887601}, {'chain': 'B', 'residue_id': 58, 'residue_name': 'GLY', 'distance': 3.8325188}]",2VSM_source,2,"54, 55"
GLY,584,[],2VSM_source,0,
ASP,585,[],2VSM_source,0,
ASN,586,[],2VSM_source,0,
VAL,587,[],2VSM_source,0,
ILE,588,"[{'chain': 'B', 'residue_id': 119, 'residue_name': 'GLU', 'distance': 3.912396}, {'chain': 'B', 'residue_id': 120, 'residue_name': 'PHE', 'distance': 3.624668}]",2VSM_source,2,"119, 120"
ARG,589,[],2VSM_source,0,
PRO,590,[],2VSM_source,0,
LYS,591,[],2VSM_source,0,
LEU,592,[],2VSM_source,0,
PHE,593,[],2VSM_source,0,
ALA,594,[],2VSM_source,0,
VAL,595,[],2VSM_source,0,
LYS,596,[],2VSM_source,0,
ILE,597,[],2VSM_source,0,
PRO,598,[],2VSM_source,0,
GLU,599,[],2VSM_source,0,
GLN,600,[],2VSM_source,0,
CYS,601,[],2VSM_source,0,
THR,602,[],2VSM_source,0,
HIS,603,[],2VSM_source,0,
