wildtype,site,nearby_residues,custom_source,number_of_contact_residues_within_4,close_residues
GLU,176,[],3D12_source,0,
GLY,177,[],3D12_source,0,
VAL,178,[],3D12_source,0,
SER,179,[],3D12_source,0,
ASN,180,[],3D12_source,0,
LEU,181,[],3D12_source,0,
VAL,182,[],3D12_source,0,
GLY,183,[],3D12_source,0,
LEU,184,[],3D12_source,0,
PRO,185,[],3D12_source,0,
ASN,186,[],3D12_source,0,
ASN,187,[],3D12_source,0,
ILE,188,[],3D12_source,0,
CYS,189,[],3D12_source,0,
LEU,190,[],3D12_source,0,
GLN,191,[],3D12_source,0,
LYS,192,[],3D12_source,0,
THR,193,[],3D12_source,0,
SER,194,[],3D12_source,0,
ASN,195,[],3D12_source,0,
GLN,196,[],3D12_source,0,
ILE,197,[],3D12_source,0,
LEU,198,[],3D12_source,0,
LYS,199,[],3D12_source,0,
PRO,200,[],3D12_source,0,
LYS,201,[],3D12_source,0,
LEU,202,[],3D12_source,0,
ILE,203,[],3D12_source,0,
SER,204,[],3D12_source,0,
TYR,205,[],3D12_source,0,
THR,206,[],3D12_source,0,
LEU,207,[],3D12_source,0,
PRO,208,[],3D12_source,0,
VAL,209,[],3D12_source,0,
VAL,210,[],3D12_source,0,
GLY,211,[],3D12_source,0,
GLN,212,[],3D12_source,0,
SER,213,[],3D12_source,0,
GLY,214,[],3D12_source,0,
THR,215,[],3D12_source,0,
CYS,216,[],3D12_source,0,
ILE,217,[],3D12_source,0,
THR,218,[],3D12_source,0,
ASP,219,[],3D12_source,0,
PRO,220,[],3D12_source,0,
LEU,221,[],3D12_source,0,
LEU,222,[],3D12_source,0,
ALA,223,[],3D12_source,0,
MET,224,[],3D12_source,0,
ASP,225,[],3D12_source,0,
GLU,226,[],3D12_source,0,
GLY,227,[],3D12_source,0,
TYR,228,[],3D12_source,0,
PHE,229,[],3D12_source,0,
ALA,230,[],3D12_source,0,
TYR,231,[],3D12_source,0,
SER,232,[],3D12_source,0,
HIS,233,[],3D12_source,0,
LEU,234,[],3D12_source,0,
GLU,235,[],3D12_source,0,
ARG,236,[],3D12_source,0,
ILE,237,[],3D12_source,0,
GLY,238,[],3D12_source,0,
SER,239,"[{'chain': 'B', 'residue_id': 119, 'residue_name': 'GLU', 'distance': 3.1652296}, {'chain': 'B', 'residue_id': 128, 'residue_name': 'GLU', 'distance': 3.938684}]",3D12_source,2,"119, 128"
CYS,240,"[{'chain': 'B', 'residue_id': 119, 'residue_name': 'GLU', 'distance': 3.4405913}, {'chain': 'B', 'residue_id': 120, 'residue_name': 'TYR', 'distance': 3.999592}]",3D12_source,2,"119, 120"
SER,241,"[{'chain': 'B', 'residue_id': 126, 'residue_name': 'GLY', 'distance': 3.9654996}, {'chain': 'B', 'residue_id': 127, 'residue_name': 'HIS', 'distance': 3.9979603}]",3D12_source,2,"126, 127"
ARG,242,"[{'chain': 'B', 'residue_id': 126, 'residue_name': 'GLY', 'distance': 3.1542568}, {'chain': 'B', 'residue_id': 128, 'residue_name': 'GLU', 'distance': 3.3158774}, {'chain': 'B', 'residue_id': 130, 'residue_name': 'ARG', 'distance': 3.1605873}]",3D12_source,3,"126, 128, 130"
GLY,243,[],3D12_source,0,
VAL,244,[],3D12_source,0,
SER,245,[],3D12_source,0,
LYS,246,[],3D12_source,0,
GLN,247,[],3D12_source,0,
ARG,248,[],3D12_source,0,
ILE,249,[],3D12_source,0,
ILE,250,[],3D12_source,0,
GLY,251,[],3D12_source,0,
VAL,252,[],3D12_source,0,
GLY,253,[],3D12_source,0,
GLU,254,[],3D12_source,0,
VAL,255,[],3D12_source,0,
LEU,256,[],3D12_source,0,
ASP,257,[],3D12_source,0,
ARG,258,[],3D12_source,0,
GLY,259,[],3D12_source,0,
ASP,260,[],3D12_source,0,
GLU,261,[],3D12_source,0,
VAL,262,[],3D12_source,0,
PRO,263,[],3D12_source,0,
SER,264,[],3D12_source,0,
LEU,265,[],3D12_source,0,
PHE,266,[],3D12_source,0,
MET,267,[],3D12_source,0,
THR,268,[],3D12_source,0,
ASN,269,[],3D12_source,0,
VAL,270,[],3D12_source,0,
TRP,271,[],3D12_source,0,
THR,272,[],3D12_source,0,
PRO,273,[],3D12_source,0,
PRO,274,[],3D12_source,0,
ASN,275,[],3D12_source,0,
PRO,276,[],3D12_source,0,
ASN,277,[],3D12_source,0,
THR,278,[],3D12_source,0,
VAL,279,[],3D12_source,0,
TYR,280,[],3D12_source,0,
HIS,281,[],3D12_source,0,
CYS,282,[],3D12_source,0,
SER,283,[],3D12_source,0,
ALA,284,[],3D12_source,0,
VAL,285,[],3D12_source,0,
TYR,286,[],3D12_source,0,
ASN,287,[],3D12_source,0,
ASN,288,[],3D12_source,0,
GLU,289,[],3D12_source,0,
PHE,290,[],3D12_source,0,
TYR,291,[],3D12_source,0,
TYR,292,[],3D12_source,0,
VAL,293,[],3D12_source,0,
LEU,294,[],3D12_source,0,
CYS,295,[],3D12_source,0,
ALA,296,[],3D12_source,0,
VAL,297,[],3D12_source,0,
SER,298,[],3D12_source,0,
THR,299,[],3D12_source,0,
VAL,300,[],3D12_source,0,
GLY,301,[],3D12_source,0,
ASP,302,[],3D12_source,0,
PRO,303,[],3D12_source,0,
ILE,304,[],3D12_source,0,
LEU,305,"[{'chain': 'B', 'residue_id': 125, 'residue_name': 'TRP', 'distance': 3.7641308}]",3D12_source,1,125
ASN,306,[],3D12_source,0,
SER,307,[],3D12_source,0,
THR,308,[],3D12_source,0,
TYR,309,[],3D12_source,0,
TRP,310,[],3D12_source,0,
SER,311,[],3D12_source,0,
GLY,312,[],3D12_source,0,
SER,313,[],3D12_source,0,
LEU,314,[],3D12_source,0,
MET,315,[],3D12_source,0,
MET,316,[],3D12_source,0,
THR,317,[],3D12_source,0,
ARG,318,[],3D12_source,0,
LEU,319,[],3D12_source,0,
ALA,320,[],3D12_source,0,
VAL,321,[],3D12_source,0,
LYS,322,[],3D12_source,0,
PRO,323,[],3D12_source,0,
LYS,324,[],3D12_source,0,
SER,325,[],3D12_source,0,
ASN,326,[],3D12_source,0,
GLY,327,[],3D12_source,0,
GLY,328,[],3D12_source,0,
GLY,329,[],3D12_source,0,
TYR,330,[],3D12_source,0,
ASN,331,[],3D12_source,0,
GLN,332,[],3D12_source,0,
HIS,333,[],3D12_source,0,
GLN,334,[],3D12_source,0,
LEU,335,[],3D12_source,0,
ALA,336,[],3D12_source,0,
LEU,337,[],3D12_source,0,
ARG,338,[],3D12_source,0,
SER,339,[],3D12_source,0,
ILE,340,[],3D12_source,0,
GLU,341,[],3D12_source,0,
LYS,342,[],3D12_source,0,
GLY,343,[],3D12_source,0,
ARG,344,[],3D12_source,0,
TYR,345,[],3D12_source,0,
ASP,346,[],3D12_source,0,
LYS,347,[],3D12_source,0,
VAL,348,[],3D12_source,0,
MET,349,[],3D12_source,0,
PRO,350,[],3D12_source,0,
TYR,351,[],3D12_source,0,
GLY,352,[],3D12_source,0,
PRO,353,[],3D12_source,0,
SER,354,[],3D12_source,0,
GLY,355,[],3D12_source,0,
ILE,356,[],3D12_source,0,
LYS,357,[],3D12_source,0,
GLN,358,[],3D12_source,0,
GLY,359,[],3D12_source,0,
ASP,360,[],3D12_source,0,
THR,361,[],3D12_source,0,
LEU,362,[],3D12_source,0,
TYR,363,[],3D12_source,0,
PHE,364,[],3D12_source,0,
PRO,365,[],3D12_source,0,
ALA,366,[],3D12_source,0,
VAL,367,[],3D12_source,0,
GLY,368,[],3D12_source,0,
PHE,369,[],3D12_source,0,
LEU,370,[],3D12_source,0,
VAL,371,[],3D12_source,0,
ARG,372,[],3D12_source,0,
THR,373,[],3D12_source,0,
GLU,374,[],3D12_source,0,
PHE,375,[],3D12_source,0,
LYS,376,[],3D12_source,0,
TYR,377,[],3D12_source,0,
ASN,378,[],3D12_source,0,
ASP,379,[],3D12_source,0,
SER,380,[],3D12_source,0,
ASN,381,[],3D12_source,0,
CYS,382,[],3D12_source,0,
PRO,383,[],3D12_source,0,
ILE,384,[],3D12_source,0,
THR,385,[],3D12_source,0,
LYS,386,[],3D12_source,0,
CYS,387,[],3D12_source,0,
GLN,388,"[{'chain': 'B', 'residue_id': 108, 'residue_name': 'ASP', 'distance': 3.8979943}]",3D12_source,1,108
TYR,389,"[{'chain': 'B', 'residue_id': 106, 'residue_name': 'ARG', 'distance': 3.7468421}, {'chain': 'B', 'residue_id': 107, 'residue_name': 'PRO', 'distance': 3.948722}, {'chain': 'B', 'residue_id': 108, 'residue_name': 'ASP', 'distance': 3.5879235}, {'chain': 'B', 'residue_id': 109, 'residue_name': 'LEU', 'distance': 3.9252012}]",3D12_source,4,"106, 107, 108, 109"
SER,390,[],3D12_source,0,
LYS,391,[],3D12_source,0,
PRO,392,[],3D12_source,0,
GLU,393,[],3D12_source,0,
ASN,394,[],3D12_source,0,
CYS,395,[],3D12_source,0,
ARG,396,[],3D12_source,0,
LEU,397,[],3D12_source,0,
SER,398,[],3D12_source,0,
MET,399,[],3D12_source,0,
GLY,400,[],3D12_source,0,
ILE,401,"[{'chain': 'B', 'residue_id': 125, 'residue_name': 'TRP', 'distance': 3.4148576}]",3D12_source,1,125
ARG,402,"[{'chain': 'B', 'residue_id': 125, 'residue_name': 'TRP', 'distance': 3.912377}]",3D12_source,1,125
PRO,403,[],3D12_source,0,
ASN,404,[],3D12_source,0,
SER,405,[],3D12_source,0,
HIS,406,[],3D12_source,0,
TYR,407,[],3D12_source,0,
ILE,408,[],3D12_source,0,
LEU,409,[],3D12_source,0,
ARG,410,[],3D12_source,0,
SER,411,[],3D12_source,0,
GLY,412,[],3D12_source,0,
LEU,413,[],3D12_source,0,
LEU,414,[],3D12_source,0,
LYS,415,[],3D12_source,0,
TYR,416,[],3D12_source,0,
ASN,417,[],3D12_source,0,
LEU,418,[],3D12_source,0,
SER,419,[],3D12_source,0,
ASP,420,[],3D12_source,0,
GLY,421,[],3D12_source,0,
GLU,422,[],3D12_source,0,
ASN,423,[],3D12_source,0,
PRO,424,[],3D12_source,0,
LYS,425,[],3D12_source,0,
VAL,426,[],3D12_source,0,
VAL,427,[],3D12_source,0,
PHE,428,[],3D12_source,0,
ILE,429,[],3D12_source,0,
GLU,430,[],3D12_source,0,
ILE,431,[],3D12_source,0,
SER,432,[],3D12_source,0,
ASP,433,[],3D12_source,0,
GLN,434,[],3D12_source,0,
ARG,435,[],3D12_source,0,
LEU,436,[],3D12_source,0,
SER,437,[],3D12_source,0,
ILE,438,[],3D12_source,0,
GLY,439,[],3D12_source,0,
SER,440,[],3D12_source,0,
PRO,441,[],3D12_source,0,
SER,442,[],3D12_source,0,
LYS,443,[],3D12_source,0,
ILE,444,[],3D12_source,0,
TYR,445,[],3D12_source,0,
ASP,446,[],3D12_source,0,
SER,447,[],3D12_source,0,
LEU,448,[],3D12_source,0,
GLY,449,[],3D12_source,0,
GLN,450,[],3D12_source,0,
PRO,451,[],3D12_source,0,
VAL,452,[],3D12_source,0,
PHE,453,[],3D12_source,0,
TYR,454,[],3D12_source,0,
GLN,455,[],3D12_source,0,
ALA,456,[],3D12_source,0,
SER,457,[],3D12_source,0,
PHE,458,"[{'chain': 'B', 'residue_id': 124, 'residue_name': 'LEU', 'distance': 3.7892473}]",3D12_source,1,124
SER,459,[],3D12_source,0,
TRP,460,[],3D12_source,0,
ASP,461,[],3D12_source,0,
THR,462,[],3D12_source,0,
MET,463,[],3D12_source,0,
ILE,464,[],3D12_source,0,
LYS,465,[],3D12_source,0,
PHE,466,[],3D12_source,0,
GLY,467,[],3D12_source,0,
ASP,468,[],3D12_source,0,
VAL,469,[],3D12_source,0,
LEU,470,[],3D12_source,0,
THR,471,[],3D12_source,0,
VAL,472,[],3D12_source,0,
ASN,473,[],3D12_source,0,
PRO,474,[],3D12_source,0,
LEU,475,[],3D12_source,0,
VAL,476,[],3D12_source,0,
VAL,477,[],3D12_source,0,
ASN,478,[],3D12_source,0,
TRP,479,[],3D12_source,0,
ARG,480,[],3D12_source,0,
ASN,481,[],3D12_source,0,
ASN,482,[],3D12_source,0,
THR,483,[],3D12_source,0,
VAL,484,[],3D12_source,0,
ILE,485,[],3D12_source,0,
SER,486,[],3D12_source,0,
ARG,487,[],3D12_source,0,
PRO,488,"[{'chain': 'B', 'residue_id': 122, 'residue_name': 'PRO', 'distance': 3.7860742}]",3D12_source,1,122
GLY,489,"[{'chain': 'B', 'residue_id': 122, 'residue_name': 'PRO', 'distance': 3.7408514}]",3D12_source,1,122
GLN,490,"[{'chain': 'B', 'residue_id': 113, 'residue_name': 'PHE', 'distance': 3.7705102}, {'chain': 'B', 'residue_id': 121, 'residue_name': 'SER', 'distance': 3.7864058}, {'chain': 'B', 'residue_id': 123, 'residue_name': 'ASN', 'distance': 3.974398}]",3D12_source,3,"113, 121, 123"
SER,491,"[{'chain': 'B', 'residue_id': 101, 'residue_name': 'LEU', 'distance': 3.410659}, {'chain': 'B', 'residue_id': 102, 'residue_name': 'LEU', 'distance': 3.874848}, {'chain': 'B', 'residue_id': 112, 'residue_name': 'ARG', 'distance': 3.9422405}, {'chain': 'B', 'residue_id': 113, 'residue_name': 'PHE', 'distance': 3.9773722}]",3D12_source,4,"101, 102, 112, 113"
GLN,492,"[{'chain': 'B', 'residue_id': 106, 'residue_name': 'ARG', 'distance': 3.7141144}]",3D12_source,1,106
CYS,493,[],3D12_source,0,
PRO,494,[],3D12_source,0,
ARG,495,[],3D12_source,0,
PHE,496,[],3D12_source,0,
ASN,497,[],3D12_source,0,
THR,498,[],3D12_source,0,
CYS,499,[],3D12_source,0,
PRO,500,[],3D12_source,0,
GLU,501,"[{'chain': 'B', 'residue_id': 106, 'residue_name': 'ARG', 'distance': 3.9360552}]",3D12_source,1,106
ILE,502,[],3D12_source,0,
CYS,503,[],3D12_source,0,
TRP,504,"[{'chain': 'B', 'residue_id': 124, 'residue_name': 'LEU', 'distance': 3.959307}, {'chain': 'B', 'residue_id': 125, 'residue_name': 'TRP', 'distance': 3.7171428}]",3D12_source,2,"124, 125"
GLU,505,"[{'chain': 'B', 'residue_id': 122, 'residue_name': 'PRO', 'distance': 3.5390613}, {'chain': 'B', 'residue_id': 124, 'residue_name': 'LEU', 'distance': 3.7092392}]",3D12_source,2,"122, 124"
GLY,506,"[{'chain': 'B', 'residue_id': 122, 'residue_name': 'PRO', 'distance': 3.964834}, {'chain': 'B', 'residue_id': 124, 'residue_name': 'LEU', 'distance': 3.387623}]",3D12_source,2,"122, 124"
VAL,507,"[{'chain': 'B', 'residue_id': 122, 'residue_name': 'PRO', 'distance': 3.926794}]",3D12_source,1,122
TYR,508,[],3D12_source,0,
ASN,509,[],3D12_source,0,
ASP,510,[],3D12_source,0,
ALA,511,[],3D12_source,0,
PHE,512,[],3D12_source,0,
LEU,513,[],3D12_source,0,
ILE,514,[],3D12_source,0,
ASP,515,[],3D12_source,0,
ARG,516,[],3D12_source,0,
ILE,517,[],3D12_source,0,
ASN,518,[],3D12_source,0,
TRP,519,[],3D12_source,0,
ILE,520,[],3D12_source,0,
SER,521,[],3D12_source,0,
ALA,522,[],3D12_source,0,
GLY,523,[],3D12_source,0,
VAL,524,[],3D12_source,0,
PHE,525,[],3D12_source,0,
LEU,526,[],3D12_source,0,
ASP,527,[],3D12_source,0,
SER,528,[],3D12_source,0,
ASN,529,[],3D12_source,0,
GLN,530,"[{'chain': 'B', 'residue_id': 112, 'residue_name': 'ARG', 'distance': 3.9904163}, {'chain': 'B', 'residue_id': 113, 'residue_name': 'PHE', 'distance': 3.9568002}, {'chain': 'B', 'residue_id': 114, 'residue_name': 'THR', 'distance': 3.877187}, {'chain': 'B', 'residue_id': 122, 'residue_name': 'PRO', 'distance': 3.8709571}]",3D12_source,4,"112, 113, 114, 122"
THR,531,"[{'chain': 'B', 'residue_id': 116, 'residue_name': 'LYS', 'distance': 3.4026625}]",3D12_source,1,116
ALA,532,"[{'chain': 'B', 'residue_id': 118, 'residue_name': 'GLN', 'distance': 3.6500363}, {'chain': 'B', 'residue_id': 120, 'residue_name': 'TYR', 'distance': 3.772371}, {'chain': 'B', 'residue_id': 121, 'residue_name': 'SER', 'distance': 3.6317992}]",3D12_source,3,"118, 120, 121"
GLU,533,"[{'chain': 'B', 'residue_id': 57, 'residue_name': 'ARG', 'distance': 3.754462}, {'chain': 'B', 'residue_id': 116, 'residue_name': 'LYS', 'distance': 3.7375846}]",3D12_source,2,"57, 116"
ASN,534,[],3D12_source,0,
PRO,535,[],3D12_source,0,
VAL,536,[],3D12_source,0,
PHE,537,[],3D12_source,0,
THR,538,[],3D12_source,0,
VAL,539,[],3D12_source,0,
PHE,540,[],3D12_source,0,
LYS,541,[],3D12_source,0,
ASP,542,[],3D12_source,0,
ASN,543,[],3D12_source,0,
GLU,544,[],3D12_source,0,
ILE,545,[],3D12_source,0,
LEU,546,[],3D12_source,0,
TYR,547,[],3D12_source,0,
ARG,548,[],3D12_source,0,
ALA,549,[],3D12_source,0,
GLN,550,[],3D12_source,0,
LEU,551,[],3D12_source,0,
ALA,552,[],3D12_source,0,
SER,553,[],3D12_source,0,
GLU,554,[],3D12_source,0,
ASP,555,"[{'chain': 'B', 'residue_id': 57, 'residue_name': 'ARG', 'distance': 3.8570347}, {'chain': 'B', 'residue_id': 116, 'residue_name': 'LYS', 'distance': 3.9267623}]",3D12_source,2,"57, 116"
THR,556,[],3D12_source,0,
ASN,557,"[{'chain': 'B', 'residue_id': 116, 'residue_name': 'LYS', 'distance': 3.83569}, {'chain': 'B', 'residue_id': 118, 'residue_name': 'GLN', 'distance': 3.649455}, {'chain': 'B', 'residue_id': 120, 'residue_name': 'TYR', 'distance': 3.7632272}]",3D12_source,3,"116, 118, 120"
ALA,558,"[{'chain': 'B', 'residue_id': 120, 'residue_name': 'TYR', 'distance': 3.5109982}]",3D12_source,1,120
GLN,559,"[{'chain': 'B', 'residue_id': 120, 'residue_name': 'TYR', 'distance': 3.7654297}, {'chain': 'B', 'residue_id': 121, 'residue_name': 'SER', 'distance': 2.9844453}]",3D12_source,2,"120, 121"
LYS,560,[],3D12_source,0,
THR,561,[],3D12_source,0,
ILE,562,[],3D12_source,0,
THR,563,[],3D12_source,0,
ASN,564,[],3D12_source,0,
CYS,565,[],3D12_source,0,
PHE,566,[],3D12_source,0,
LEU,567,[],3D12_source,0,
LEU,568,[],3D12_source,0,
LYS,569,[],3D12_source,0,
ASN,570,[],3D12_source,0,
LYS,571,[],3D12_source,0,
ILE,572,[],3D12_source,0,
TRP,573,[],3D12_source,0,
CYS,574,[],3D12_source,0,
ILE,575,[],3D12_source,0,
SER,576,[],3D12_source,0,
LEU,577,[],3D12_source,0,
VAL,578,[],3D12_source,0,
GLU,579,"[{'chain': 'B', 'residue_id': 120, 'residue_name': 'TYR', 'distance': 3.8472881}]",3D12_source,1,120
ILE,580,"[{'chain': 'B', 'residue_id': 120, 'residue_name': 'TYR', 'distance': 3.7762728}]",3D12_source,1,120
TYR,581,"[{'chain': 'B', 'residue_id': 118, 'residue_name': 'GLN', 'distance': 3.8229737}, {'chain': 'B', 'residue_id': 119, 'residue_name': 'GLU', 'distance': 3.9722383}, {'chain': 'B', 'residue_id': 120, 'residue_name': 'TYR', 'distance': 3.5516655}]",3D12_source,3,"118, 119, 120"
ASP,582,[],3D12_source,0,
THR,583,"[{'chain': 'B', 'residue_id': 55, 'residue_name': 'GLY', 'distance': 3.952801}]",3D12_source,1,55
GLY,584,[],3D12_source,0,
ASP,585,[],3D12_source,0,
ASN,586,[],3D12_source,0,
VAL,587,[],3D12_source,0,
ILE,588,"[{'chain': 'B', 'residue_id': 119, 'residue_name': 'GLU', 'distance': 3.7916632}, {'chain': 'B', 'residue_id': 120, 'residue_name': 'TYR', 'distance': 3.2107716}]",3D12_source,2,"119, 120"
ARG,589,[],3D12_source,0,
PRO,590,[],3D12_source,0,
LYS,591,[],3D12_source,0,
LEU,592,[],3D12_source,0,
PHE,593,[],3D12_source,0,
ALA,594,[],3D12_source,0,
VAL,595,[],3D12_source,0,
LYS,596,[],3D12_source,0,
ILE,597,[],3D12_source,0,
PRO,598,[],3D12_source,0,
GLU,599,[],3D12_source,0,
GLN,600,[],3D12_source,0,
CYS,601,[],3D12_source,0,
THR,602,[],3D12_source,0,
ALA,603,[],3D12_source,0,
