Primer name,Sequence (5'-3')
ForInd_AddBC_2,gcggaactccactaggaacatttctctctcgaaTCTAGANNNNNNNNNNNNNNNNAGATCGGAAGAGCGTCGTGTAGGGAAAGAG
5’_for_lib_bcing,gcacgcgCAGCCGAGCCACATCGCTCA
BL_PacBio_5pri_C,ctagccattcagagGCAGCCGAGCCACgTCGCTC
BL_PacBio_5pri_G,CGCTCAACCAGTACGAGCCGTAAGTTATGTAACGCGGAACTCCACcAGGAAC
BL_PacBio_3Pri_C,ctagccattcagagGCAGCCGAGCCACcTCGCTC
BL_PacBio_3Pri_G,CGCTCAACCAGTACGAGCCGTAAGTTATGTAACGCGGAACTCCACgAGGAAC
5'_PB_Rnd2,CTAGCCATTCAGAGGCAGCCGAG
3'_PB_Rnd2,CGCTCAACCAGTACGAGCCGTAAGTTATGTAAC
Illumina_Rnd1_Fwd,CTCTTTCCCTACACGACGCTCTTCCGATCT
Illumina_Rnd1_Rev,CTGGAGTTCAGACGTGTGCTCTTCCGATCTgtccctattggcgttactatgggaacatacgtc
Illumina_Rnd2_Fwd,AATGATACGGCGACCACCGAGATCTACACTCTTTCCCTACACGACGCTCTTCCGATCT
Illumina_Rnd2_Index_Rev,CAAGCAGAAGACGGCATACGAGATnnnnnnnnGTGACTGGAGTTCAGACGTGTGCTCTTCCGATCT